{"cameraMode":{"drawMode":0,"name":"Shaded","section":"Shading Mode"},"sceneLighting":false,"audioPlay":false,"sceneViewState":{"m_AlwaysRefresh":false,"showFog":true,"showSkybox":true,"showFlares":true,"showImageEffects":true,"showParticleSystems":true,"showVisualEffectGraphs":true,"m_FxEnabled":true},"in2DMode":false,"pivot":{"x":1.4031968116760255,"y":4.864020824432373,"z":6.763913631439209},"rotation":{"x":0.33928626775741579,"y":0.11730707436800003,"z":-0.05448602885007858,"w":0.9318286776542664},"size":4.111130237579346,"orthographic":false}