{"cameraMode":{"drawMode":0,"name":"Shaded","section":"Shading Mode"},"sceneLighting":false,"audioPlay":false,"sceneViewState":{"m_AlwaysRefresh":false,"showFog":true,"showSkybox":true,"showFlares":true,"showImageEffects":true,"showParticleSystems":true,"showVisualEffectGraphs":true,"m_FxEnabled":true},"in2DMode":false,"pivot":{"x":0.06468206644058228,"y":3.7876038551330568,"z":5.845306396484375},"rotation":{"x":0.42929893732070925,"y":0.020965460687875749,"z":-0.0221249982714653,"w":0.9027320146560669},"size":4.111130237579346,"orthographic":false}