{"cameraMode":{"drawMode":0,"name":"Shaded","section":"Shading Mode"},"sceneLighting":false,"audioPlay":false,"sceneViewState":{"m_AlwaysRefresh":false,"showFog":true,"showSkybox":true,"showFlares":true,"showImageEffects":true,"showParticleSystems":true,"showVisualEffectGraphs":true,"m_FxEnabled":true},"in2DMode":false,"pivot":{"x":5.478830337524414,"y":3.1998109817504885,"z":6.323146343231201},"rotation":{"x":0.19378195703029633,"y":0.5254611372947693,"z":-0.12416049838066101,"w":0.8191937208175659},"size":3.8732638359069826,"orthographic":false}