{"cameraMode":{"drawMode":0,"name":"Shaded","section":"Shading Mode"},"sceneLighting":false,"audioPlay":false,"sceneViewState":{"m_AlwaysRefresh":false,"showFog":true,"showSkybox":true,"showFlares":true,"showImageEffects":true,"showParticleSystems":true,"showVisualEffectGraphs":true,"m_FxEnabled":true},"in2DMode":false,"pivot":{"x":25.098739624023439,"y":10.66313648223877,"z":7.742279529571533},"rotation":{"x":0.05744630843400955,"y":0.49673932790756228,"z":-0.03295598179101944,"w":0.8653935194015503},"size":6.818222522735596,"orthographic":false}